INSERT INTO STUDENT.STUDENT (USN, SNAME, ADDRESS, PHONE, GENDER) 
VALUES 
('23MDT0037', 'Rittik', 'VELLORE', 8336051001, 'M'),
('23MDT0057', 'June', 'VELLORE', 8336051002, 'F'),
('23MDT0077', 'Goutami', 'VELLORE', 8336051003, 'F'),
('23MDT0087', 'Soumik', 'VELLORE', 8336051004, 'M'),
('23MDT0097', 'Solmon', 'VELLORE', 8336051005, 'M'),
('23MDT0107', 'Svik', 'VELLORE', 8336051006, 'M'),
('23MDT0117', 'Shiva', 'VELLORE', 8336051007, 'M'),
('23MDT0127', 'Pratim', 'VELLORE', 8336051008, 'M'),
('23MDT0137', 'Kaushal', 'VELLORE', 8336051009, 'M');
INSERT INTO STUDENT VALUES('23MDT0047', 'SOUMYA BASU', 'VELLORE', 8336051483,'M');

ALTER TABLE IAMARKS MODIFY COLUMN SSID VARCHAR(6);

UPDATE STUDENT 
SET usn='23MDT0048'
where usn='23MDT0077';

SELECT * FROM student.student;

DESC student.student;
DESC semsec;

INSERT INTO SEMSEC (SSID, SEM, SEC) VALUES 
('MDT001', 1, 'A'),
('MDT002', 2, 'A'),
('MDT003', 2, 'A'),
('MDT004', 1, 'A'),
('MDT005', 2, 'B'),
('MDT006', 1, 'A'),
('MDT007', 2, 'B'),
('MDT008', 1, 'A'),
('MDT009', 2, 'B'),
('MDT010', 1, 'B');

INSERT INTO IAMARKS (USN, SUBCODE, SSID, TEST1, TEST2, TEST3)
VALUES
('23MDT0037', 'CSE5003', 'MDT001',15,16,18),
('23MDT0047', 'CSE5003', 'MDT002',19,17,18),
('23MDT0048', 'CSE5003', 'MDT003',18,19,17),
('23MDT0057', 'CSE5003', 'MDT004',15,14,18),
('23MDT0087', 'CSE5003', 'MDT005',11,19,13),
('23MDT0097', 'CSE5003', 'MDT006',16,15,17),
('23MDT0107', 'CSE5003', 'MDT007',16,15,17),
('23MDT0117', 'CSE5003', 'MDT008',18,19,17),
('23MDT0127', 'CSE5003', 'MDT009',18,19,17),
('23MDT0137', 'CSE5003', 'MDT010',16,17,16);
INSERT INTO SUBJECT VALUES ('CSE5003','DBMS', 2, 4);

select * from subject;
INSERT INTO CLASS (USN, SSID) 
VALUES
('23MDT0037', 'MDT001'),
('23MDT0047', 'MDT002'),
('23MDT0048', 'MDT003'),
('23MDT0057', 'MDT004'),
('23MDT0087', 'MDT005'),
('23MDT0097', 'MDT006'),
('23MDT0107', 'MDT007'),
('23MDT0117', 'MDT008'),
('23MDT0127', 'MDT009'),
('23MDT0137', 'MDT010');

select * from class;